{"cameraMode":{"drawMode":0,"name":"Shaded","section":"Shading Mode"},"sceneLighting":false,"audioPlay":false,"sceneViewState":{"m_AlwaysRefresh":false,"showFog":true,"showSkybox":true,"showFlares":true,"showImageEffects":true,"showParticleSystems":true,"showVisualEffectGraphs":true,"m_FxEnabled":true},"in2DMode":false,"pivot":{"x":-1.9724503755569459,"y":2.465871572494507,"z":2.0043587684631349},"rotation":{"x":-0.013707059435546399,"y":0.9715200066566467,"z":-0.22933034598827363,"w":-0.058067791163921359},"size":4.075907230377197,"orthographic":false}